Country,Year,Stablecoin_Share_Pct,Total_Remittances_USD_millions,inflation_rate,exchange_rate_lcu_per_usd,internet_users_pct,mobile_subscriptions_per100,gdp_growth_pct,remittances_pct_gdp
Nigeria,2022,40,20100,18.84718778,425.9791581,37.6975,99.5852,3.251681408,4.216060075
Nigeria,2023,43,19500,24.6595502,645.1940679,39.2136,98.4773,2.860214991,5.373023609
Nigeria,2024,43.2,21290,33.24209665,1478.965197,39.51,97.9,3.426439471,11.34053632
Ethiopia,2023,43,4000,30.21882781,54.60094807,22,40,6.594245994,0.36
Ethiopia,2024,43.2,6000,21.03774606,56,23,42.5,7.316691128,0.4
Argentina,2023,40,1000,133.4889356,296.2580417,89.229,137.706,-1.611001621,0.156171653
Argentina,2024,73,1045,219.883929,914.6948833,89.6672,138,-1.719105147,0.164917106
Philippines,2024,29,38340,3.21260487,57.29065507,73.1,155.5,5.692016128,8.725710156
