Actual,DT_Prediction,RF_Prediction,DT_Error,RF_Error
43.0,43.2,46.11999999999999,-0.20000000000000284,-3.1199999999999903
40.0,73.0,61.06000000000002,-33.0,-21.060000000000016
40.0,43.2,46.11999999999999,-3.200000000000003,-6.11999999999999
29.0,43.2,52.08,-14.200000000000003,-23.08
