Country,Actual (%),Baseline Sim (%),Low Inflation Sim (%),High Inflation Sim (%),Baseline Error
Nigeria,43.2,65.7,56.3,80.80000000000001,22.5
Ethiopia,43.2,36.3,29.099999999999998,47.099999999999994,6.900000000000006
Argentina,73.0,97.3,97.2,97.5,24.299999999999997
Philippines,29.0,55.400000000000006,53.0,53.300000000000004,26.400000000000006
